{
    "fixed_stickers": [
        {
            "sticker_directory": "green",
            "filename_format": "green_%zd",
            "frame_count": 15,
            "positionX": 0.5,
            "positionY": 1,
            "anchorpointX": 0.5,
            "anchorpointY": 1,
            "width": 540,
            "height": 365,
            "animation_duration": 2,
            "display_width": 1,
            "display_height": 0
        },
        {
            "sticker_directory": "qiuqiu",
            "filename_format": "qiuqiu_%zd",
            "frame_count": 40,
            "positionX": 0.15,
            "positionY": 0.6,
            "anchorpointX": 0.5,
            "anchorpointY": 0.5,
            "width": 280,
            "height": 250,
            "animation_duration": 3,
            "display_width": 0.45,
            "display_height": 0
        },
        {
            "sticker_directory": "zhudou",
            "filename_format": "zhudou_%zd",
            "frame_count": 32,
            "positionX": 0.15,
            "positionY": 0.97,
            "anchorpointX": 0.5,
            "anchorpointY": 1,
            "width": 280,
            "height": 260,
            "animation_duration": 4,
            "display_width": 0.45,
            "display_height": 0
        },
        {
            "sticker_directory": "bird",
            "filename_format": "bird_%zd",
            "frame_count": 20,
            "positionX": 0,
            "positionY": 0,
            "anchorpointX": 0,
            "anchorpointY": 0,
            "width": 220,
            "height": 160,
            "animation_duration": 2,
            "display_width": 0.45,
            "display_height": 0
        },
        {
            "sticker_directory": "tutu",
            "filename_format": "tutu_%zd",
            "frame_count": 25,
            "positionX": 0.8,
            "positionY": 0.6,
            "anchorpointX": 0.5,
            "anchorpointY": 0.5,
            "width": 270,
            "height": 305,
            "animation_duration": 2,
            "display_width": 0.45,
            "display_height": 0
        },
        {
            "sticker_directory": "tata",
            "filename_format": "tata_%zd",
            "frame_count": 30,
            "positionX": 0.6,
            "positionY": 0.8,
            "anchorpointX": 0.5,
            "anchorpointY": 0.5,
            "width": 300,
            "height": 270,
            "animation_duration": 3,
            "display_width": 0.45,
            "display_height": 0
        }
    ]
}