{
    "fixed_stickers": [
        {
            "sticker_directory": "flower",
            "filename_format": "flower_%zd",
            "frame_count": 100,
            "positionX": 0.5,
            "positionY": 1,
            "anchorpointX": 0.5,
            "anchorpointY": 1,
            "width": 540,
            "height": 200,
            "animation_duration": 5,
            "display_width": 1,
            "display_height": 0
        },
        {
            "sticker_directory": "cloud",
            "filename_format": "cloud_%zd",
            "frame_count": 50,
            "positionX": 0.5,
            "positionY": 0,
            "anchorpointX": 0.5,
            "anchorpointY": 0,
            "width": 540,
            "height": 300,
            "animation_duration": 3,
            "display_width": 1,
            "display_height": 0
        },
        {
            "sticker_directory": "bee",
            "filename_format": "bee_%zd",
            "frame_count": 100,
            "positionX": 0.5,
            "positionY": 1,
            "anchorpointX": 0.5,
            "anchorpointY": 1,
            "width": 540,
            "height": 250,
            "animation_duration": 4,
            "display_width": 0,
            "display_height": 0
        }
    ],
    "face_stickers": [
        {
            "sticker_directory": "cap",
            "filename_format": "cap_%zd",
            "frame_count": 25,
            "face_type": "head",
            "width": 330,
            "height": 220,
            "animation_duration": 3
        },
        {
            "sticker_directory": "face",
            "filename_format": "face_%zd",
            "frame_count": 7,
            "face_type": "nose",
            "width": 240,
            "height": 100,
            "anchorpointX": 0.5,
            "anchorpointY": 0.5,
            "animation_duration": 3
        }
    ]
}